{"cameraMode":{"drawMode":0,"name":"Shaded","section":"Shading Mode"},"sceneLighting":true,"audioPlay":false,"sceneViewState":{"showFog":false,"showMaterialUpdate":false,"showSkybox":false,"showFlares":false,"showImageEffects":false,"showParticleSystems":false},"in2DMode":false,"pivot":{"x":-7.3298139572143559,"y":-0.9058080911636353,"z":-7.895922660827637},"rotation":{"x":-0.26785463094711306,"y":-0.5276351571083069,"z":0.1798505038022995,"w":-0.7858206629753113},"size":13.377640724182129,"orthographic":false}