{"cameraMode":{"drawMode":0,"name":"Shaded","section":"Shading Mode"},"sceneLighting":true,"audioPlay":false,"sceneViewState":{"showFog":true,"showMaterialUpdate":false,"showSkybox":true,"showFlares":true,"showImageEffects":true,"showParticleSystems":true},"in2DMode":false,"pivot":{"x":0.46670448780059817,"y":0.8465213775634766,"z":-4.789003372192383},"rotation":{"x":0.011688213795423508,"y":-0.0159012284129858,"z":-0.00019054414588026702,"w":-0.9998125433921814},"size":9.421507835388184,"orthographic":false}