{"cameraMode":{"drawMode":0,"name":"Shaded","section":"Shading Mode"},"sceneLighting":true,"audioPlay":false,"sceneViewState":{"showFog":true,"showMaterialUpdate":false,"showSkybox":true,"showFlares":true,"showImageEffects":true,"showParticleSystems":true},"in2DMode":false,"pivot":{"x":-1.5768582820892335,"y":1.0015095472335816,"z":-8.396037101745606},"rotation":{"x":-0.12756142020225526,"y":0.05531172454357147,"z":-0.00712423725053668,"w":-0.9902676343917847},"size":12.34846019744873,"orthographic":false}